{
    "niter": 8480,
    "logz": 914.6675106408825,
    "logzerr": 0.23772858216135417,
    "logz_bs": 914.6474477133413,
    "logz_single": 914.6675106408825,
    "logzerr_tail": 0.0099507507418366,
    "logzerr_bs": 0.2375202335299491,
    "ess": 3464.7720377296446,
    "H": 10.892079252474446,
    "Herr": 0.08516120356526152,
    "posterior": {
        "mean": [
            1.038220112815362,
            0.010396357409307316,
            3.025682076944535,
            0.025589653560592014,
            1.1364582305803697,
            1.3063351523312714,
            0.23306626017257606,
            3.016176524078352,
            496.26453177703274
        ],
        "stdev": [
            0.3854942250543055,
            0.008009622149377426,
            0.33520873639202053,
            0.014758875200955642,
            0.10085116459058595,
            0.4432908638404884,
            0.11949408760620828,
            1.0104109587167043,
            175.87370442233757
        ],
        "median": [
            1.150138191354492,
            0.008429146404623954,
            2.9799133322472886,
            0.02139163661965386,
            1.1314325577805981,
            1.2803232643143376,
            0.21527384025899593,
            3.045112244497271,
            544.8700589701241
        ],
        "errlo": [
            0.6026079956563845,
            0.0027676443927626753,
            2.693461766140544,
            0.014051852432030963,
            1.035175173445669,
            0.9566332570201801,
            0.11925139371591614,
            2.0815251957150807,
            274.5592097134598
        ],
        "errup": [
            1.4125759451458002,
            0.018632729288784445,
            3.3845373440060715,
            0.03688835518827079,
            1.2370438523255918,
            1.6660300730840099,
            0.3436786995973123,
            3.903874331570178,
            682.2569312719983
        ],
        "information_gain_bits": [
            -4.825268618984981,
            -0.44534246449737347,
            -1.5996922124935058,
            -2.01740367978221,
            1.0917385619335302,
            -3.184522154515676,
            0.1452009609479981,
            -4.419725707596569,
            -3.919174872065746
        ]
    },
    "maximum_likelihood": {
        "logl": 931.2578532613294,
        "point": [
            1.4867861444663564,
            0.0444298424621392,
            3.8494494916606694,
            0.008177216425640848,
            1.173124186957034,
            1.437096052403692,
            0.1270559618257133,
            2.3132889707618993,
            157.21532538237605
        ],
        "point_untransformed": [
            0.9911907629775709,
            0.4843648290536879,
            0.9400964195673815,
            0.10074462166786821,
            0.6796715950610542,
            0.5099902504925784,
            0.019550251115251382,
            0.3681713744967192,
            0.21551106974965875
        ]
    },
    "ncall": 2902925,
    "paramnames": [
        "\u03b1\u2081",
        "f\u2081",
        "\u03b1\u2082",
        "variance",
        "\u03bd",
        "\u03bc",
        "A",
        "\u03d5",
        "T\u2080"
    ],
    "logzerr_single": 0.16501575116086983,
    "insertion_order_MWW_test": {
        "independent_iterations": Infinity,
        "converged": true
    }
}