{
    "niter": 6542,
    "logz": 1014.4833396061201,
    "logzerr": 0.21492743491869962,
    "logz_bs": 1014.4880222622425,
    "logz_single": 1014.4833396061201,
    "logzerr_tail": 0.009945301753191416,
    "logzerr_bs": 0.21469721296227817,
    "ess": 2549.7588081330887,
    "H": 7.844770988442747,
    "Herr": 0.08676247404509978,
    "posterior": {
        "mean": [
            0.7551569961349692,
            0.0038925646356898504,
            2.4166629596202074,
            0.8287204722388327,
            3.2864668744637595,
            0.01949842209623282,
            1.1347149624396802,
            0.25108048760652396
        ],
        "stdev": [
            0.35327839032822056,
            0.003874821121936557,
            0.48856209665369954,
            1.8110429607300764,
            0.3905262943874801,
            0.009323255424665017,
            0.10096009611748179,
            0.3535851630344576
        ],
        "median": [
            0.8254516941317676,
            0.0026179627546642488,
            2.5053501953730146,
            0.07871395037767029,
            3.2782202655225614,
            0.01712718206450696,
            1.1268834414986728,
            0.23549241979398938
        ],
        "errlo": [
            0.3206971184544286,
            0.0007584062079456902,
            1.9367056008426058,
            0.010345341761182805,
            2.8578908007426094,
            0.011810148300882596,
            1.0348002069614866,
            -0.02823655994967189
        ],
        "errup": [
            1.1328134768702611,
            0.007171948892009789,
            2.845246336841967,
            1.4074124020079188,
            3.743949068477364,
            0.027121282416513227,
            1.2375985285753053,
            0.5288437194391792
        ],
        "information_gain_bits": [
            -5.082925966291527,
            -0.18782787211811625,
            -3.8726311143492227,
            -5.1247210194969135,
            -5.1388529427929015,
            -1.1780700901738965,
            1.0855127535754745,
            -3.409180203374803
        ]
    },
    "maximum_likelihood": {
        "logl": 1025.877649906561,
        "point": [
            0.2915103418876009,
            0.0015030341091644506,
            2.1540692359144313,
            0.0632316526609922,
            3.721018993140079,
            0.014986625054788575,
            1.1263689322513357,
            0.1507639752008952
        ],
        "point_untransformed": [
            0.23320827351008072,
            0.16198266071246523,
            0.5022419005409503,
            0.42478484403203154,
            0.8488670256286012,
            0.19795445225797714,
            0.6581013062652988,
            0.44218058008819033
        ]
    },
    "ncall": 897014,
    "paramnames": [
        "\u03b1\u2081",
        "f\u2081",
        "\u03b1\u2082",
        "f\u2082",
        "\u03b1\u2083",
        "variance",
        "\u03bd",
        "\u03bc"
    ],
    "logzerr_single": 0.14004259163235613,
    "insertion_order_MWW_test": {
        "independent_iterations": Infinity,
        "converged": true
    }
}