{
    "niter": 6824,
    "logz": 1013.1818625556675,
    "logzerr": 0.22957754814081419,
    "logz_bs": 1013.1714517268883,
    "logz_single": 1013.1818625556675,
    "logzerr_tail": 0.00993457172660328,
    "logzerr_bs": 0.2293624967054484,
    "ess": 2626.441264554531,
    "H": 8.708883710428495,
    "Herr": 0.10533298400127561,
    "posterior": {
        "mean": [
            0.7429530295438741,
            0.004381000567994454,
            2.787743673574579,
            0.02153473254038539,
            1.1181527507466231,
            0.24923272876433444,
            0.0003332346878497908
        ],
        "stdev": [
            0.35472140501933236,
            0.0036240046057424975,
            0.23048530303394232,
            0.010052579296576424,
            0.10169089206572732,
            0.35504083774879736,
            0.0007980516821704513
        ],
        "median": [
            0.8148154506571276,
            0.0034137978235088498,
            2.7531773598817617,
            0.019293664250396785,
            1.1143531776621556,
            0.22144824732508048,
            3.8810175831369134e-05
        ],
        "errlo": [
            0.3007235723981812,
            0.0012591312456429519,
            2.5718658473057276,
            0.012749106139992526,
            1.0176120204572026,
            -0.025887937525859384,
            3.604697669420639e-06
        ],
        "errup": [
            1.1195561029134051,
            0.007417884090091034,
            3.011213972804757,
            0.030451897678530897,
            1.218227433749022,
            0.5141522533430222,
            0.0005296128429266951
        ],
        "information_gain_bits": [
            -5.104148450935962,
            -0.060416446197114504,
            0.8715067222424248,
            -1.3290503037434314,
            1.0421026049562383,
            -3.4447047401097217,
            -2.4011792846395097
        ]
    },
    "maximum_likelihood": {
        "logl": 1024.9232824992903,
        "point": [
            0.4900409966525292,
            0.004375514852772327,
            2.769407159741627,
            0.015248217875690088,
            1.115846681291588,
            0.2288021337548361,
            1.0012724021329002e-06
        ],
        "point_untransformed": [
            0.39203279732202334,
            0.2637057655051842,
            0.41368114748300533,
            0.20137660299937363,
            0.6530890297583161,
            0.469898837181099,
            9.501640143647072e-05
        ]
    },
    "ncall": 157904,
    "paramnames": [
        "\u03b1\u2081",
        "f\u2081",
        "\u03b1\u2082",
        "variance",
        "\u03bd",
        "\u03bc",
        "c"
    ],
    "logzerr_single": 0.14755408932344516,
    "insertion_order_MWW_test": {
        "independent_iterations": Infinity,
        "converged": true
    }
}