{
    "niter": 6191,
    "logz": 456.2511024478667,
    "logzerr": 0.24198542468074963,
    "logz_bs": 456.25926918524885,
    "logz_single": 456.2511024478667,
    "logzerr_tail": 0.009946832844548226,
    "logzerr_bs": 0.24178090552044296,
    "ess": 2285.55465108208,
    "H": 7.580542854847522,
    "Herr": 0.0931588663465394,
    "posterior": {
        "mean": [
            0.8218268411734235,
            0.007708560432898699,
            3.0191761912409807,
            0.12248061885294514,
            1.0694399281808522,
            0.20821797955930996,
            0.0006061196858235205
        ],
        "stdev": [
            0.331154197776287,
            0.00509244429500409,
            0.35704825120351147,
            0.10334316161010541,
            0.15329454021691855,
            0.2238531903827747,
            0.0016431423833941348
        ],
        "median": [
            0.9066519816780333,
            0.0064322412545546855,
            2.9796645915119493,
            0.09676250388143409,
            1.0637890475033647,
            0.19699059565272248,
            4.907463647566982e-05
        ],
        "errlo": [
            0.4274604401496782,
            0.002786060847119115,
            2.655439138397464,
            0.05765572566797771,
            0.9189866030857522,
            0.007588518304345734,
            3.2025035676194845e-06
        ],
        "errup": [
            1.165102610011852,
            0.013083041735731138,
            3.4030851964270625,
            0.1777117106841694,
            1.2197023606027344,
            0.40928952124306994,
            0.0009507812612537619
        ],
        "information_gain_bits": [
            -4.955152894270517,
            0.17559810454106428,
            -1.4318611764951477,
            -2.1957661015580614,
            -0.6087044820931338,
            -3.0960478354020977,
            -2.893525228613824
        ]
    },
    "maximum_likelihood": {
        "logl": 466.3183493427595,
        "point": [
            1.2241989630801247,
            0.01492826874061959,
            3.4553438728600385,
            0.12390750136163511,
            1.1316180777437645,
            0.18786334653094267,
            2.3667383233056556e-06
        ],
        "point_untransformed": [
            0.9793591704640997,
            0.38008966540026035,
            0.8037841617984511,
            0.7404475716843432,
            0.6605799206993194,
            0.4453920777012226,
            0.06437423226106212
        ]
    },
    "ncall": 141252,
    "paramnames": [
        "\u03b1\u2081",
        "f\u2081",
        "\u03b1\u2082",
        "variance",
        "\u03bd",
        "\u03bc",
        "c"
    ],
    "logzerr_single": 0.13766392823510015,
    "insertion_order_MWW_test": {
        "independent_iterations": Infinity,
        "converged": true
    }
}