"α₁_mean","α₁_stdev","α₁_median","α₁_errlo","α₁_errup","f₁_mean","f₁_stdev","f₁_median","f₁_errlo","f₁_errup","α₂_mean","α₂_stdev","α₂_median","α₂_errlo","α₂_errup","variance_mean","variance_stdev","variance_median","variance_errlo","variance_errup","ν_mean","ν_stdev","ν_median","ν_errlo","ν_errup","μ_mean","μ_stdev","μ_median","μ_errlo","μ_errup","c_mean","c_stdev","c_median","c_errlo","c_errup"
7.581212641190645529e-01,3.451709632805423644e-01,8.225346867378359184e-01,3.494692862422082991e-01,1.127462555205058559e+00,4.942623333810280788e-03,3.769681002578713705e-03,3.851336895028146991e-03,1.738374916961269931e-03,8.217253547190375360e-03,2.791235500710424589e+00,2.382505003168662316e-01,2.765731873732942603e+00,2.564845704872654508e+00,3.018368259716606161e+00,6.840332732923938563e-02,7.344982929548699024e-02,4.669319862902256146e-02,2.767746189332809595e-02,1.013079345599678938e-01,1.118585843073610642e+00,1.041896561009269806e-01,1.111154870590547628e+00,1.014409060055408096e+00,1.225067672670073327e+00,2.363955406515635127e-01,3.714016164344098869e-01,2.251521816019718680e-01,-6.108647661475924417e-02,5.445903700236840450e-01,3.544103638429019773e-04,9.013946424329019299e-04,3.954051644172464867e-05,3.039213111159346244e-06,5.559160167421294332e-04
