{
    "niter": 6654,
    "logz": 1013.819500539473,
    "logzerr": 0.22527488331282985,
    "logz_bs": 1013.8129813162664,
    "logz_single": 1013.819500539473,
    "logzerr_tail": 0.009955800942179849,
    "logzerr_bs": 0.22505478239577315,
    "ess": 2525.524336157527,
    "H": 8.24139915637511,
    "Herr": 0.08388443621316514,
    "posterior": {
        "mean": [
            0.7581212641190646,
            0.004942623333810281,
            2.7912355007104246,
            0.06840332732923939,
            1.1185858430736106,
            0.2363955406515635,
            0.000354410363842902
        ],
        "stdev": [
            0.34517096328054236,
            0.0037696810025787137,
            0.23825050031686623,
            0.07344982929548699,
            0.10418965610092698,
            0.3714016164344099,
            0.0009013946424329019
        ],
        "median": [
            0.8225346867378359,
            0.003851336895028147,
            2.7657318737329426,
            0.04669319862902256,
            1.1111548705905476,
            0.22515218160197187,
            3.954051644172465e-05
        ],
        "errlo": [
            0.3494692862422083,
            0.00173837491696127,
            2.5648457048726545,
            0.027677461893328096,
            1.014409060055408,
            -0.061086476614759244,
            3.0392131111593462e-06
        ],
        "errup": [
            1.1274625552050586,
            0.008217253547190375,
            3.018368259716606,
            0.1013079345599679,
            1.2250676726700733,
            0.544590370023684,
            0.0005559160167421294
        ],
        "information_gain_bits": [
            -5.079006967680061,
            0.051570438220715276,
            -0.7205868631420871,
            -3.5574455151666324,
            0.9512682028145136,
            -3.4971024131588737,
            -2.511336534729532
        ]
    },
    "maximum_likelihood": {
        "logl": 1025.285208277492,
        "point": [
            0.15611499691546243,
            0.0031483987615261435,
            2.7112529257300384,
            0.028037106756392434,
            1.1264038994137688,
            0.1945553770693177,
            9.121701119971907e-06
        ],
        "point_untransformed": [
            0.12489199753236996,
            0.23237310948599846,
            0.6647279839964508,
            0.3423568310996045,
            0.6581178655272685,
            0.4577087569466262,
            0.16518536637668002
        ]
    },
    "ncall": 119653,
    "paramnames": [
        "\u03b1\u2081",
        "f\u2081",
        "\u03b1\u2082",
        "variance",
        "\u03bd",
        "\u03bc",
        "c"
    ],
    "logzerr_single": 0.1435391859073256,
    "insertion_order_MWW_test": {
        "independent_iterations": Infinity,
        "converged": true
    }
}