{
    "niter": 6475,
    "logz": 1014.0128687762409,
    "logzerr": 0.2998552471196503,
    "logz_bs": 1014.0099071434532,
    "logz_single": 1014.0128687762409,
    "logzerr_tail": 0.009950896064992776,
    "logzerr_bs": 0.2996900880788189,
    "ess": 2729.584262841752,
    "H": 7.6998953582967715,
    "Herr": 0.10701949511010986,
    "posterior": {
        "mean": [
            0.7609584997234043,
            0.004138619176474928,
            2.7773604151928653,
            0.022337423304273265,
            1.1131052694856998,
            0.24737982768441946
        ],
        "stdev": [
            0.3459278819004505,
            0.0034525559243321134,
            0.2289933153001234,
            0.01092542457298571,
            0.10467779191705939,
            0.3803196418873059
        ],
        "median": [
            0.823439229192694,
            0.0032038227790589283,
            2.747348515256799,
            0.019733197508800527,
            1.109494697959086,
            0.2268638188836062
        ],
        "errlo": [
            0.3442956969536467,
            0.0011322426076107745,
            2.5644525252677095,
            0.012650883094527771,
            1.006613549932582,
            -0.04215755080594951
        ],
        "errup": [
            1.1368950210225552,
            0.0072515511930841695,
            2.9937348432112065,
            0.03173706407101674,
            1.2173055136284183,
            0.5453326192949008
        ],
        "information_gain_bits": [
            -5.072651248105658,
            -0.10383428229813285,
            -0.6717393876950175,
            -1.4584372066560305,
            0.9544915166257162,
            -3.6210720715465414
        ]
    },
    "maximum_likelihood": {
        "logl": 1024.8583052208664,
        "point": [
            0.2941195199024085,
            0.0032296536050834424,
            2.705266929701801,
            0.01754124530060845,
            1.0941633242514377,
            0.24669052229618738
        ],
        "point_untransformed": [
            0.23529561592192677,
            0.23479884892023445,
            0.6506274076426493,
            0.23036236472526128,
            0.6425752508649479,
            0.4762781488449989
        ]
    },
    "ncall": 96892,
    "paramnames": [
        "\u03b1\u2081",
        "f\u2081",
        "\u03b1\u2082",
        "variance",
        "\u03bd",
        "\u03bc"
    ],
    "logzerr_single": 0.1387434264956071,
    "insertion_order_MWW_test": {
        "independent_iterations": Infinity,
        "converged": true
    }
}